,Points,Games Played,PPG
Andrew,1953.0,96.0,20.34375
Jono,1394.0,84.0,16.595238095238095
Connor,1485.0,85.0,17.470588235294116
Joe,1665.0,90.0,18.5
Julian,1680.0,86.0,19.53488372093023
Sam,1159.0,56.0,20.696428571428573
