,Points,Games Played,PPG
Andrew,1254.0,57.0,22.0
Jono,847.0,51.0,16.607843137254903
Connor,898.0,49.0,18.3265306122449
Joe,1042.0,56.0,18.607142857142858
Julian,1062.0,49.0,21.6734693877551
Sam,856.0,40.0,21.4
