,Points,Games Played,PPG
Andrew,305.0,15.0,20.333333333333332
Jono,213.0,14.0,15.214285714285714
Connor,216.0,12.0,18.0
Joe,269.0,14.0,19.214285714285715
Julian,341.0,15.0,22.733333333333334
Sam,281.0,12.0,23.416666666666668
