,Points,Games Played,PPG
Andrew,692.0,33.0,20.96969696969697
Jono,529.0,33.0,16.03030303030303
Connor,572.0,32.0,17.875
Joe,662.0,34.0,19.470588235294116
Julian,706.0,32.0,22.0625
Sam,651.0,28.0,23.25
