,Points,Games Played,PPG
Andrew,1215.0,55.0,22.09090909090909
Jono,836.0,50.0,16.72
Connor,848.0,46.0,18.434782608695652
Joe,973.0,52.0,18.71153846153846
Julian,991.0,46.0,21.543478260869566
Sam,844.0,38.0,22.210526315789473
