,Points,Games Played,PPG
Andrew,1559.0,75.0,20.786666666666665
Jono,1103.0,66.0,16.71212121212121
Connor,1111.0,64.0,17.359375
Joe,1389.0,74.0,18.77027027027027
Julian,1333.0,65.0,20.50769230769231
Sam,1027.0,49.0,20.959183673469386
