,Points,Games Played,PPG
Andrew,1621.0,79.0,20.518987341772153
Jono,1166.0,70.0,16.65714285714286
Connor,1131.0,66.0,17.136363636363637
Joe,1416.0,76.0,18.63157894736842
Julian,1374.0,68.0,20.205882352941178
Sam,1049.0,50.0,20.98
