,Points,Games Played,PPG
Andrew,1510.0,73.0,20.684931506849313
Jono,1090.0,65.0,16.76923076923077
Connor,1066.0,61.0,17.475409836065573
Joe,1325.0,70.0,18.928571428571427
Julian,1303.0,63.0,20.682539682539684
Sam,1003.0,47.0,21.340425531914892
