,Points,Games Played,PPG
Andrew,1393.0,67.0,20.791044776119403
Jono,1016.0,60.0,16.933333333333334
Connor,989.0,56.0,17.660714285714285
Joe,1210.0,64.0,18.90625
Julian,1218.0,58.0,21.0
Sam,942.0,44.0,21.40909090909091
