,Points,Games Played,PPG
Andrew,501.0,24.0,20.875
Jono,379.0,24.0,15.791666666666666
Connor,409.0,22.0,18.59090909090909
Joe,460.0,24.0,19.166666666666668
Julian,514.0,23.0,22.347826086956523
Sam,456.0,20.0,22.8
