,Points,Games Played,PPG
Andrew,1023.0,46.0,22.23913043478261
Jono,674.0,42.0,16.047619047619047
Connor,750.0,41.0,18.29268292682927
Joe,834.0,45.0,18.533333333333335
Julian,896.0,40.0,22.4
Sam,812.0,35.0,23.2
