,Points,Games Played,PPG
Andrew,582.0,28.0,20.785714285714285
Jono,425.0,27.0,15.74074074074074
Connor,481.0,26.0,18.5
Joe,504.0,27.0,18.666666666666668
Julian,588.0,26.0,22.615384615384617
Sam,519.0,23.0,22.565217391304348
