,Points,Games Played,PPG
Andrew,1117.0,50.0,22.34
Jono,761.0,47.0,16.19148936170213
Connor,791.0,43.0,18.3953488372093
Joe,860.0,47.0,18.29787234042553
Julian,924.0,42.0,22.0
Sam,828.0,36.0,23.0
