,Points,Games Played,PPG
Andrew,649.0,31.0,20.93548387096774
Jono,475.0,30.0,15.833333333333334
Connor,517.0,28.0,18.464285714285715
Joe,601.0,30.0,20.033333333333335
Julian,643.0,29.0,22.17241379310345
Sam,601.0,25.0,24.04
