,Points,Games Played,PPG
Andrew,862.0,39.0,22.102564102564102
Jono,561.0,36.0,15.583333333333334
Connor,665.0,36.0,18.47222222222222
Joe,729.0,39.0,18.692307692307693
Julian,762.0,35.0,21.771428571428572
Sam,695.0,31.0,22.419354838709676
