,Points,Games Played,PPG
Andrew,802.0,37.0,21.675675675675677
Jono,555.0,35.0,15.857142857142858
Connor,632.0,34.0,18.58823529411765
Joe,701.0,36.0,19.47222222222222
Julian,746.0,34.0,21.941176470588236
Sam,670.0,29.0,23.103448275862068
