,Points,Games Played,PPG
Andrew,1650.0,80.0,20.625
Jono,1187.0,71.0,16.718309859154928
Connor,1153.0,67.0,17.208955223880597
Joe,1474.0,78.0,18.897435897435898
Julian,1376.0,69.0,19.942028985507246
Sam,1051.0,51.0,20.607843137254903
