,Points,Games Played,PPG
Andrew,237.0,12.0,19.75
Jono,181.0,11.0,16.454545454545453
Connor,199.0,10.0,19.9
Joe,212.0,11.0,19.272727272727273
Julian,268.0,11.0,24.363636363636363
Sam,205.0,9.0,22.77777777777778
