,Points,Games Played,PPG
Andrew,413.0,20.0,20.65
Jono,301.0,19.0,15.842105263157896
Connor,323.0,18.0,17.944444444444443
Joe,362.0,19.0,19.05263157894737
Julian,435.0,19.0,22.894736842105264
Sam,377.0,16.0,23.5625
