,Points,Games Played,PPG
Andrew,1568.0,76.0,20.63157894736842
Jono,1149.0,69.0,16.652173913043477
Connor,1131.0,66.0,17.136363636363637
Joe,1401.0,75.0,18.68
Julian,1349.0,67.0,20.134328358208954
Sam,1049.0,50.0,20.98
