,Points,Games Played,PPG
Andrew,1323.0,61.0,21.688524590163933
Jono,931.0,55.0,16.927272727272726
Connor,919.0,51.0,18.019607843137255
Joe,1090.0,58.0,18.79310344827586
Julian,1115.0,52.0,21.442307692307693
Sam,880.0,41.0,21.463414634146343
