,Points,Games Played,PPG
Andrew,1161.0,52.0,22.326923076923077
Jono,780.0,48.0,16.25
Connor,848.0,46.0,18.434782608695652
Joe,939.0,51.0,18.41176470588235
Julian,977.0,45.0,21.711111111111112
Sam,844.0,38.0,22.210526315789473
